{
    "total_runtime": 1595.8803017139435,
    "num_documents": 1,
    "input_load_time": 0,
    "workflows": {
        "create_base_text_units": {
            "overall": 0.1730823516845703,
            "0_orderby": 0.003633737564086914,
            "1_zip": 0.001912832260131836,
            "2_aggregate_override": 0.005747795104980469,
            "3_chunk": 0.12336206436157227,
            "4_select": 0.003237009048461914,
            "5_unroll": 0.007375240325927734,
            "6_rename": 0.003021717071533203,
            "7_genid": 0.005224466323852539,
            "8_unzip": 0.003000497817993164,
            "9_copy": 0.0024323463439941406,
            "10_filter": 0.012554645538330078
        },
        "create_base_extracted_entities": {
            "overall": 1391.3523898124695,
            "0_entity_extract": 1391.3136579990387,
            "1_merge_graphs": 0.03574728965759277
        },
        "create_summarized_entities": {
            "overall": 203.72794342041016,
            "0_summarize_descriptions": 203.72524571418762
        },
        "create_base_entity_graph": {
            "overall": 0.06695246696472168,
            "0_cluster_graph": 0.058754920959472656,
            "1_select": 0.004509449005126953
        }
    }
}