{
    "total_runtime": 1.1252264976501465,
    "num_documents": 1,
    "input_load_time": 0,
    "workflows": {
        "create_base_text_units": {
            "overall": 0.20134854316711426,
            "0_orderby": 0.003984928131103516,
            "1_zip": 0.0017256736755371094,
            "2_aggregate_override": 0.005463361740112305,
            "3_chunk": 0.1502666473388672,
            "4_select": 0.003705739974975586,
            "5_unroll": 0.0078029632568359375,
            "6_rename": 0.0027246475219726562,
            "7_genid": 0.006601810455322266,
            "8_unzip": 0.0035424232482910156,
            "9_copy": 0.002344846725463867,
            "10_filter": 0.011682271957397461
        },
        "create_base_extracted_entities": {
            "overall": 0.3296058177947998,
            "0_entity_extract": 0.298290491104126,
            "1_merge_graphs": 0.028441905975341797
        },
        "create_summarized_entities": {
            "overall": 0.09647083282470703,
            "0_summarize_descriptions": 0.09352469444274902
        },
        "create_base_entity_graph": {
            "overall": 0.04950213432312012,
            "0_cluster_graph": 0.0425567626953125,
            "1_select": 0.00391387939453125
        }
    }
}