{
    "total_runtime": 1.0947799682617188,
    "num_documents": 1,
    "input_load_time": 0,
    "workflows": {
        "create_base_text_units": {
            "overall": 0.19287419319152832,
            "0_orderby": 0.003879070281982422,
            "1_zip": 0.0020074844360351562,
            "2_aggregate_override": 0.004889011383056641,
            "3_chunk": 0.14284372329711914,
            "4_select": 0.004040718078613281,
            "5_unroll": 0.00723719596862793,
            "6_rename": 0.0027360916137695312,
            "7_genid": 0.005265474319458008,
            "8_unzip": 0.0035386085510253906,
            "9_copy": 0.003115415573120117,
            "10_filter": 0.01157689094543457
        },
        "create_base_extracted_entities": {
            "overall": 0.31701111793518066,
            "0_entity_extract": 0.2835361957550049,
            "1_merge_graphs": 0.030585765838623047
        },
        "create_summarized_entities": {
            "overall": 0.08867716789245605,
            "0_summarize_descriptions": 0.08555960655212402
        },
        "create_base_entity_graph": {
            "overall": 0.05104875564575195,
            "0_cluster_graph": 0.044240713119506836,
            "1_select": 0.003610372543334961
        }
    }
}