{
    "total_runtime": 0.28767895698547363,
    "num_documents": 1,
    "input_load_time": 0,
    "workflows": {
        "create_base_text_units": {
            "overall": 0.18253517150878906,
            "0_orderby": 0.0017418861389160156,
            "1_zip": 0.0020732879638671875,
            "2_aggregate_override": 0.0031900405883789062,
            "3_chunk": 0.13846087455749512,
            "4_select": 0.002664804458618164,
            "5_unroll": 0.0037713050842285156,
            "6_rename": 0.002756357192993164,
            "7_genid": 0.008197307586669922,
            "8_unzip": 0.0037758350372314453,
            "9_copy": 0.0032799243927001953,
            "10_filter": 0.010829925537109375
        }
    }
}